MD5,pdfsize,metadata size,pages,xref length,title characters,isEncrypted,embedded files,images,contains text,header,obj,endobj,stream,endstream,xref,trailer,startxref,pageno,Encrypt,ObjStm,JS,JavaScript,AA,OpenAction,AcroForm,JBIG2Decode,RichMedia,Launch,EmbeddedFile,XFA,URI,Colors,JS_Obfuscated,JavaScript_Obfuscated,AA_Obfuscated,OpenAction_Obfuscated,AcroForm_Obfuscated,JBIG2Decode_Obfuscated,RichMedia_Obfuscated,Launch_Obfuscated,EmbeddedFile_Obfuscated,XFA_Obfuscated,pageno_Obfuscated,%EOF,/Producer,/ProcSet,/ID,/S,/CreationDate,/Font,/XObject,/Widget,/FontDescriptor,/Rect,/ModDate,/Info,/XML,dict_start,dict_end,comments,custom_metadata,metadata_stream,page_rotation
92ddc75b3b59872e6656b54b8f236764,39,259,4,65,20,0,0,0,Yes,%PDF-1.4,64,64,19,19,2,2,2,0,0,0,0,0,1,0,0,0,1,0,0,0,0,0,0,0,0,0,0,0,0,0,0,4,0,2,1,4,2,28,1,21,0,0,4,0,1,1,1,69,69,60,yes,no,0
8773860ab2c1dd637e4468034bbe68cc,120,315,4,55,26,0,0,0,Yes,%PDF-1.3,54,54,19,19,2,2,2,0,0,0,0,0,0,0,0,0,0,0,0,0,0,0,0,0,0,0,0,0,0,0,0,4,0,2,1,4,2,18,1,34,0,0,10,0,1,1,1,59,61,217,yes,no,0
18aa5d9544960adf65c597e61dbde93b,31,305,1,57,13,0,0,0,Yes,%PDF-1.4,42,42,9,9,3,3,3,0,0,0,0,0,0,0,0,0,0,0,0,0,0,0,0,0,0,0,0,0,0,0,0,2,0,3,2,2,2,26,2,24,0,0,6,0,2,2,2,50,50,41,yes,no,0
4e20755b73b270cc2b3e77db1f981fd5,22,324,6,37,31,0,0,0,Yes,%PDF-1.4,36,36,11,11,2,2,2,0,0,0,0,0,0,0,0,0,0,0,0,0,0,0,0,0,0,0,0,0,0,0,0,6,0,2,1,7,1,12,1,22,2,0,4,0,1,1,1,58,58,32,yes,no,90
00847488b3a40f8ad37810cf404cd018,38,299,2,27,8,0,0,0,Yes,%PDF-1.3,26,26,6,6,1,1,1,0,0,0,0,0,0,0,0,0,0,0,0,0,0,0,0,0,0,0,0,0,0,0,0,2,0,1,1,2,1,23,1,31,0,0,9,0,1,1,0,32,31,73,yes,no,0
89324e4ac32f045023b272e726e04f11,55,335,2,49,8,0,0,0,Yes,%PDF-1.5,48,48,9,9,1,1,1,0,0,0,0,0,0,0,0,0,0,0,0,14,0,0,0,0,0,0,0,0,0,0,0,2,0,1,1,2,1,57,1,42,0,0,14,7,1,1,0,58,58,81,yes,no,0
dd69a00698b95a8f836c9319fa849934,150,303,4,81,16,0,0,0,Yes,%PDF-1.2,80,80,24,24,2,2,2,0,0,0,0,0,1,0,0,0,0,0,0,4,0,0,0,0,0,0,0,0,0,0,0,4,0,2,1,4,2,27,1,34,4,0,10,2,1,1,0,88,89,272,yes,no,0
52a9a5141bb06ba925970e91047c80b5,94,300,9,391,0,1,0,0,Yes,%PDF-1.4,390,390,324,324,1,1,1,1,0,0,0,1,0,0,0,0,0,0,0,0,0,0,0,0,0,0,0,0,0,0,0,9,0,1,1,22,1,57,1,48,23,0,10,19,2,1,1,444,446,106,yes,no,0
0924cdb20939d2cabc69e034eac825b9,124,338,3,37,46,0,0,0,Yes,%PDF-1.4,36,36,11,11,2,2,2,0,0,0,0,0,0,0,0,0,0,0,0,0,0,0,0,0,0,0,0,0,0,0,0,3,0,2,1,3,1,23,1,45,4,0,10,0,1,1,1,48,50,176,yes,no,0
2d69eac21f74ce01f1123e72a6262f04,4,347,2,13,50,0,0,0,Yes,%PDF-1.3,13,13,2,2,2,2,2,0,0,0,0,0,0,0,0,0,0,0,0,0,0,0,0,0,0,0,0,0,0,0,0,2,0,2,2,2,2,5,2,7,0,0,2,0,2,2,0,16,16,7,yes,no,0
a2718e01d514848d78ca01820e1d55c5,4,347,2,13,50,0,0,0,Yes,%PDF-1.3,13,13,2,2,2,2,2,0,0,0,0,0,0,0,0,0,0,0,0,0,0,0,0,0,0,0,0,0,0,0,0,2,0,2,2,2,2,5,2,7,0,0,2,0,2,2,0,16,16,5,yes,no,0
990a89d84af6dd1cd54b5cceeb93eac3,21,237,8,37,0,0,0,0,Yes,%PDF-1.2,36,36,8,8,1,1,1,0,0,0,0,0,0,0,0,0,0,0,0,0,0,0,0,0,0,0,0,0,0,0,0,8,0,1,1,8,1,11,1,23,0,0,6,0,0,1,0,44,44,26,yes,no,0
f4cc1fe75075e59378542a9b8deeff7c,44,340,1,36,19,0,0,0,Yes,%PDF-1.2,35,35,10,10,2,2,2,0,0,0,0,0,0,0,0,0,0,0,0,0,0,0,0,0,0,0,0,0,0,0,0,1,0,2,1,1,2,16,1,11,0,0,2,0,1,1,1,32,32,74,yes,no,0
c7fa0d85f5a4f45b5b2df3b0c7dd96b2,197,302,4,82,17,0,0,0,Yes,%PDF-1.2,81,81,25,25,2,2,2,0,0,0,0,0,1,0,0,0,0,0,0,0,0,0,0,0,0,0,0,0,0,0,0,4,0,2,1,4,2,24,1,40,4,0,12,0,1,1,0,88,91,362,yes,no,0
0b968dd27fb5caf925dfb906b52564ec,97,288,5,36,0,0,0,0,Yes,%PDF-1.4,35,35,14,14,2,2,2,0,0,0,0,0,0,0,0,0,0,0,0,0,0,0,0,0,0,0,0,0,0,0,0,5,0,2,1,5,1,12,1,21,0,0,4,0,1,1,1,48,49,171,yes,no,90
0d8032b9f98d509e3124c5118d791cf5,205,302,13,540,12,0,0,0,Yes,%PDF-1.2,539,539,20,20,2,2,2,0,0,0,0,0,1,0,0,0,0,0,0,2,0,0,0,0,0,0,0,0,0,0,0,13,0,2,1,13,2,499,1,43,0,0,10,7,1,1,1,571,569,287,yes,no,0
8133ac35c337a8258a1e3556b8d6cedf,3727,331,1,68,0,1,0,0,Yes,%PDF-1.4,67,67,20,20,2,2,2,1,0,0,0,0,0,0,0,0,0,0,0,0,0,0,0,0,0,0,0,0,0,0,0,1,0,2,1,1,2,92,1,49,0,0,16,0,1,1,1,127,111,7267,yes,no,0
f603bb4cdc94aae5ab4e09e2f8fbe3d2,80,313,8,104,42,0,0,0,Yes,%PDF-1.3,109,109,27,27,5,5,5,0,0,0,0,0,0,0,0,0,0,0,0,0,0,0,0,0,0,0,0,0,0,0,0,8,0,5,4,9,5,45,4,55,0,0,15,0,4,4,0,128,128,132,yes,no,0
79aa5551e91a965ed42c902c6b33b36e,201,228,4,53,0,0,0,0,Yes,%PDF-1.6,52,52,20,20,2,2,2,0,0,0,0,0,0,1,0,0,0,0,0,0,0,0,0,0,0,0,0,0,0,0,0,4,0,2,1,4,1,23,1,19,4,0,0,0,1,1,1,66,65,286,yes,no,0
01c93f6449bab1d2a2ca9c9b9c09009b,89,328,2,384,40,0,0,0,Yes,%PDF-1.4,190,190,22,22,3,3,3,0,0,0,0,0,0,0,0,0,0,0,0,0,0,0,0,0,0,0,0,0,0,0,0,4,0,3,2,4,2,172,2,98,5,0,26,0,2,2,2,217,216,122,yes,no,0
c806d6338ca29d54f7b62ece5eaf67cd,458,303,25,2539,10,0,0,0,Yes,%PDF-1.3,2538,2538,34,34,2,2,2,0,0,0,0,0,1,0,0,0,0,0,0,0,0,0,0,0,0,0,0,0,0,0,0,25,0,2,1,25,2,2277,1,43,4,0,6,0,1,1,1,2599,2596,380,yes,no,0
2a7e3b08bf2b8168ba01a5b0726f55d7,445,479,5,366,96,0,0,0,Yes,%PDF-1.5,375,375,44,44,3,3,3,0,0,0,0,0,0,0,0,0,0,0,0,4,0,0,0,0,0,0,0,0,0,0,0,10,0,3,2,10,8,355,2,115,10,0,39,4,2,2,2,436,436,811,yes,no,0
2dcea63631edb32be5ded24c05263b34,5189,273,1,324,0,0,0,0,Yes,%PDF-1.4,66,66,46,46,2,2,2,0,3,0,0,0,0,0,0,0,0,0,0,0,0,0,0,0,0,0,0,0,0,0,0,1,0,2,1,1,1,153,1,55,21,0,12,0,1,1,1,112,136,8623,yes,no,0
0e1b0dce4a6b68f30c8cf9701bb13b29,45,326,6,42,29,0,0,0,Yes,%PDF-1.4,41,41,9,9,2,2,2,0,0,0,0,0,0,0,0,0,0,0,0,0,0,0,0,0,0,0,0,0,0,0,0,6,0,2,1,6,1,19,1,54,0,0,12,0,1,1,1,56,56,63,yes,no,0
20f13385d3ffb1263d69fe77a18cb454,3652,247,1,23009,0,0,0,0,Yes,%PDF-1.4,683,683,337,337,1,1,1,0,0,0,0,1,0,0,0,0,0,0,0,0,0,0,0,0,0,0,0,0,0,0,0,1,0,1,0,109,1,653,1,29,179,0,6,0,1,1,1,1220,1228,5867,yes,no,0
858b50a40ac1065b403f450aed5181c9,622,376,4,602,27,0,0,0,Yes,%PDF-1.6,505,505,26,26,3,3,3,0,0,0,0,0,0,0,0,0,0,0,0,2,0,0,0,0,0,0,0,0,0,0,0,8,0,3,2,8,7,313,2,30,12,0,9,1,2,2,2,539,538,812,yes,no,0
a348a57526b6f3853379f992cdf55d9b,972,370,12,170,34,0,0,0,Yes,%PDF-1.4,169,169,45,45,2,2,2,0,0,0,0,1,1,0,0,0,0,0,0,0,0,0,0,0,0,0,0,0,0,0,0,12,0,2,1,15,2,81,1,75,9,0,18,0,1,1,1,174,174,1536,yes,no,0
c6e2b1b0ee35a6a1ea1f15a329c43e42,665,595,22,805,57,0,0,0,Yes,%PDF-1.5,196,196,85,85,2,2,2,0,7,0,0,0,1,0,0,0,0,0,0,0,0,0,0,0,0,0,0,0,0,0,0,22,0,2,1,22,1,143,1,78,48,0,12,0,1,1,1,296,295,1181,yes,no,90
86369fb1ca65c13b31e0242097604418,4406,350,76,712,60,0,0,0,Yes,%PDF-1.5,459,459,135,135,1,1,1,0,0,0,0,0,1,0,0,0,0,0,0,0,0,0,0,0,0,0,0,0,0,0,0,76,0,1,1,77,1,215,1,320,44,0,85,0,1,1,2,692,713,7699,yes,no,0
bdd19184616b5162a74e52aef657938b,2189,448,108,2402,63,0,0,0,Yes,%PDF-1.4,2401,2401,163,163,2,2,2,0,0,0,0,0,0,0,0,0,0,0,0,0,0,0,0,0,0,0,0,0,0,0,0,108,0,2,1,110,2,3468,1,172,47,0,20,0,1,1,1,3720,3720,1888,yes,no,0
696646e8c4c2fc3f0546d3527d440f91,1339,344,41,253,54,0,0,0,Yes,%PDF-1.6,252,252,99,99,2,2,2,0,0,0,0,0,0,0,0,0,0,0,0,0,0,0,0,0,0,0,0,0,0,0,0,41,0,2,1,41,1,104,1,194,40,0,40,0,1,1,2,386,402,2081,yes,no,0
52ae2a10c20371cb6a76f2a8c8c55b7b,1656,284,22,2155,0,0,0,0,Yes,%PDF-1.2,2154,2154,1028,1028,2,2,2,0,0,0,0,0,0,0,0,0,0,0,0,0,0,0,0,0,0,0,0,0,0,0,0,22,0,2,1,22,2,730,1,27,739,0,2,0,1,1,0,1851,1857,1483,yes,no,0
dd2cf11379e636a997c231e25d68e4e2,4051,355,147,3825,63,0,0,0,Yes,%PDF-1.5,3820,3819,213,213,1,1,1,0,0,0,0,0,0,0,0,0,0,0,0,0,0,0,0,0,0,0,0,0,0,0,0,147,0,1,1,147,1,3371,1,415,144,0,104,0,1,1,1,4514,4507,4925,yes,no,0
fd530dcde402ba8dfa6b931cbe28ef53,26,262,11,49,0,0,0,0,Yes,%PDF-1.2,48,48,11,11,1,1,1,0,0,0,0,0,0,0,0,0,0,0,0,0,0,0,0,0,0,0,0,0,0,0,0,11,0,1,1,11,1,16,1,27,0,0,6,0,0,1,0,62,62,33,yes,no,0
a77c19a2e2d247eb28a27cd712013cdc,244,271,14,666,0,0,0,0,Yes,%PDF-1.4,117,117,47,47,2,2,2,0,6,1,0,1,0,0,0,0,0,0,0,0,0,0,0,0,0,0,0,0,0,0,0,14,0,2,1,14,1,250,1,69,1,0,12,0,1,1,2,196,200,206,yes,no,0
7430ae21e4e340ca82aa7fdf2d8c9cfd,1048,357,7,990,55,0,0,0,Yes,%PDF-1.7,351,351,142,142,2,2,2,0,7,0,0,0,0,0,0,0,0,0,0,62,0,0,0,0,0,0,0,0,0,0,0,7,0,2,1,17,1,438,1,290,43,0,62,31,1,1,19,479,481,1626,yes,no,0
2fae7c63a5b85be389cb900b847517bd,2590,276,13,74,0,0,0,0,No,%PDF-1.3,73,73,27,27,2,2,2,0,0,1,0,0,0,0,0,0,0,0,0,0,0,0,0,0,0,0,0,0,0,0,0,13,0,2,1,13,2,53,1,0,26,0,0,0,1,1,0,102,156,4779,yes,no,0
a52708932447f3cd7fbbdc909a3cae84,238,254,7,891,0,0,0,0,Yes,%PDF-1.2,887,887,108,108,3,3,3,0,0,0,0,1,0,0,0,0,0,0,0,0,0,0,0,0,0,0,0,0,0,0,0,15,0,3,2,14,11,837,2,57,80,0,18,0,2,2,1,932,931,235,yes,no,0
d5809a00a03722f568ebf09b69eaa921,552,566,25,907,104,0,0,0,Yes,%PDF-1.5,195,195,78,78,2,2,2,0,8,0,0,0,0,1,0,0,0,0,0,10,0,0,0,0,0,0,0,0,0,0,0,25,0,2,0,25,1,154,1,73,27,0,12,5,1,1,1,328,326,868,yes,no,0
5772a0192e77531fa281ea7283b4a5bf,74,295,9,1376,0,0,0,0,Yes,%PDF-1.4,51,51,27,27,2,2,2,0,14,0,0,0,0,0,0,0,0,0,0,0,0,0,0,0,0,0,0,0,0,0,0,9,0,2,1,9,1,24,1,25,0,0,4,0,1,1,1,92,93,65,yes,no,90
c3596708f1971277ffedddad7ec3b24a,300,343,17,115,55,0,0,0,Yes,%PDF-1.4,114,114,45,45,2,2,2,0,0,0,0,0,0,0,0,0,0,0,0,0,0,0,0,0,0,0,0,0,0,0,0,17,0,2,1,17,1,42,1,90,21,0,16,0,1,1,1,181,178,533,yes,no,0
1c154e43eb1ac5adf09c669b85920d04,9122,834,55,1282,159,1,0,0,Yes,%PDF-1.5,1282,1281,690,690,2,2,2,2,0,0,0,1,0,1,37,0,1,0,0,0,0,0,0,0,0,0,0,0,0,0,0,55,0,2,1,55,2,1055,1,281,515,0,0,0,1,1,1,1638,1658,17579,yes,no,0
5999afc310ebfce642f6fb3a399a8e99,90,315,7,43,31,0,0,0,Yes,%PDF-1.4,42,42,10,10,2,2,2,0,0,0,0,0,0,0,0,0,0,0,0,0,0,0,0,0,0,0,0,0,0,0,0,7,0,2,1,7,1,18,1,47,0,0,10,0,1,1,1,59,59,137,yes,no,0
483ba74e1f2af97a245251f7cdee62a9,40,307,2,44,8,0,0,0,Yes,%PDF-1.3,43,43,14,14,2,2,2,0,0,0,0,0,0,0,0,0,0,0,0,0,0,0,0,0,0,0,0,0,0,0,0,2,0,2,1,2,2,24,1,26,0,0,7,0,1,1,1,40,40,60,yes,no,0
d1c8ec022f10d04319dec77002c270dd,5582,293,76,738,20,0,0,0,Yes,%PDF-1.5,574,574,329,329,2,2,2,0,2,0,0,0,0,0,0,0,0,0,0,0,0,0,0,0,0,0,0,0,0,0,0,76,0,2,1,80,1,525,1,338,238,0,67,0,1,2,4,1175,1146,9379,yes,no,0
24c5e6089bbd00c1542eb5ffefca21fa,12,392,1,21,67,0,0,0,Yes,%PDF-1.4,20,20,10,10,2,2,2,0,0,0,0,0,0,0,0,0,0,0,0,0,0,0,0,0,0,0,0,0,0,0,0,1,0,2,1,1,1,10,1,11,0,0,4,0,1,1,1,24,25,14,yes,no,0
815d582db94dec61f93d65e61f6e50cd,10,289,2,19,27,0,0,0,Yes,%PDF-1.2,18,18,2,2,1,1,1,0,0,0,0,0,0,0,0,0,0,0,0,0,0,0,0,0,0,0,0,0,0,0,0,2,0,1,1,2,1,10,1,17,0,0,6,0,0,1,0,21,20,14,yes,no,0
3a05321f95240946f26bc42c3fbe4c8f,200,332,11,62,46,0,0,0,Yes,%PDF-1.4,61,61,19,19,2,2,2,0,0,0,0,0,0,0,0,0,0,0,0,0,0,0,0,0,0,0,0,0,0,0,0,11,0,2,1,11,1,23,1,51,8,0,10,0,1,1,1,95,97,365,yes,no,0
a4588021b9a859c42b9155802581932c,429,250,11,145,0,0,0,0,Yes,%PDF-1.1,144,144,40,40,1,1,1,0,0,0,0,0,0,0,0,0,0,0,0,0,0,0,0,0,0,0,0,0,0,0,0,11,0,1,1,11,1,145,1,88,40,0,30,0,1,1,0,181,185,40,yes,no,0
b0b92efb81f36880b63af0e89662aece,18,286,3,30,14,0,0,0,Yes,%PDF-1.2,29,29,5,5,1,1,1,0,0,0,0,0,0,0,0,0,0,0,0,0,0,0,0,0,0,0,0,0,0,0,0,3,0,1,1,3,1,14,1,14,2,0,2,0,0,1,0,29,29,30,yes,no,0
674a549501409a0663dd03e005e9ac32,19,375,2,48,114,0,0,0,Yes,%PDF-1.3,47,47,15,15,2,2,2,0,0,0,0,0,1,0,0,0,0,0,0,1,0,0,0,0,0,0,0,0,0,0,0,2,0,2,1,2,2,13,1,6,0,0,0,0,1,1,0,41,42,40,yes,no,0
77b7ea7edeaf7093aa42f92bacf644f3,2066,294,2,69,21,0,0,0,Yes,%PDF-1.6,68,68,32,32,2,2,2,0,0,0,0,0,0,1,0,0,0,0,0,0,0,0,0,0,0,0,0,0,0,0,0,2,0,2,1,2,1,82,1,59,11,0,12,0,1,1,5,117,113,3825,yes,no,0
466a6b19eb665030586af9d2b5484ca6,70,335,15,79,47,0,0,0,Yes,%PDF-1.2,78,78,23,23,1,1,1,0,0,0,0,0,0,0,0,0,0,0,0,0,0,0,0,0,0,0,0,0,0,0,0,15,0,1,1,15,1,21,1,40,5,0,10,0,0,1,0,86,86,107,yes,no,0
1931694e0bd5c436d0ba9f839c562b87,293,314,14,113,31,0,0,0,Yes,%PDF-1.3,112,112,41,41,2,2,2,0,0,0,0,0,0,0,0,0,0,0,0,0,0,0,0,0,0,0,0,0,0,0,0,14,0,2,1,16,2,39,1,72,4,0,18,0,1,1,1,162,162,508,yes,no,0
cc4e155f089775df7997756db0ac1fc8,1174,368,8,845,80,0,0,0,Yes,%PDF-1.4,844,844,109,109,2,2,2,0,0,0,0,0,1,1,0,0,1,0,0,0,0,0,0,0,0,0,0,0,0,0,0,8,0,2,1,8,2,656,1,68,29,0,18,0,1,1,1,846,836,2078,yes,no,0
3805f9ab86123aaddb3933a5c5e67919,3918,486,194,3016,118,1,0,0,Yes,%PDF-1.2,3015,3015,1223,1223,2,2,2,1,0,0,0,1,1,0,0,0,0,0,0,1,0,0,0,0,0,0,0,0,0,0,0,194,0,2,1,194,2,532,1,264,466,0,36,0,1,1,0,2457,2447,7214,yes,no,0
89b419802b7c6b27f1c17d63ff9b9cbd,735,273,7,5473,0,0,0,0,Yes,%PDF-1.6,120,120,84,84,2,2,2,0,54,0,0,0,0,1,0,0,0,0,0,0,0,0,0,0,0,0,0,0,0,0,0,7,0,2,1,7,1,38,1,28,0,0,4,0,1,1,1,161,163,966,yes,no,0
abedd7554b324fb2f58cb0faf1c08229,168,415,9,84,128,0,0,0,Yes,%PDF-1.4,83,83,29,29,2,2,2,0,0,0,0,0,0,0,0,0,0,1,0,0,0,0,0,0,0,0,0,0,0,0,0,9,0,2,1,9,1,50,1,66,2,0,18,0,1,1,1,108,109,171,yes,no,0
9e6f26292dbdf6048024f4b0555cf6d4,451,417,10,1857,126,0,0,0,Yes,%PDF-1.3,1856,1856,36,36,2,2,2,0,0,0,0,0,1,0,0,0,0,0,0,2,0,0,0,0,0,0,0,0,0,0,0,10,0,2,1,12,2,1112,1,67,4,0,18,1,1,1,1,1884,1882,502,yes,no,0
f8ba2d13a822284d48ae46126f9d5e71,508,327,45,484,15,0,0,0,Yes,%PDF-1.2,502,502,93,93,4,4,4,0,0,0,0,0,0,0,0,0,0,0,0,0,0,0,0,0,0,0,0,0,0,0,0,47,0,4,3,46,4,153,3,94,2,0,19,0,3,3,0,619,567,622,yes,no,0
96f33771995d99a51a81d159a5900b6f,431,323,14,2245,23,0,0,0,Yes,%PDF-1.4,81,81,42,42,2,2,2,0,22,0,0,0,0,0,0,0,0,0,0,0,0,0,0,0,0,0,0,0,0,0,0,14,0,2,1,14,1,45,1,64,0,0,12,0,1,1,1,151,151,648,yes,no,0
e5abcf26195a18dee5fb2d9acc9515e8,262,305,1,163,0,0,0,0,Yes,%PDF-1.4,162,162,76,76,1,1,1,0,0,0,0,0,0,0,0,0,0,0,0,0,0,0,0,0,0,0,0,0,0,0,0,1,0,1,1,1,1,38,1,11,31,0,4,0,1,1,1,124,104,465,yes,no,0
afbf07a33077a4a80e21568090493497,74,460,7,42,89,0,0,0,Yes,%PDF-1.4,41,41,11,11,2,2,2,0,0,0,0,0,0,0,0,0,0,0,0,0,0,0,0,0,0,0,0,0,0,0,0,7,0,2,1,7,2,18,1,15,3,0,0,0,1,1,1,57,59,138,yes,no,0
fdb882619543afa902e78d9d051165e3,206,860,70,393,99,1,0,0,Yes,%PDF-1.4,391,391,72,72,1,1,1,1,0,0,0,0,1,0,0,0,0,0,0,5,0,0,0,0,0,0,0,0,0,0,0,70,0,1,1,70,2,138,1,90,2,0,8,48,1,1,0,502,500,333,yes,no,0
64784b890b9445df24a07165205cc2b1,130,271,9,335,8,0,0,0,Yes,%PDF-1.4,334,334,14,14,2,2,2,0,0,0,0,0,0,0,0,0,0,0,0,0,0,0,0,0,0,0,0,0,0,0,0,9,0,2,1,10,1,300,1,739,2,0,292,0,1,1,1,371,371,40,yes,no,0
30a25ff6b93fef8d211102d85d84fa7d,458,300,1,35,22,0,0,0,Yes,%PDF-1.3,34,34,21,21,2,2,2,0,0,0,0,0,0,0,0,0,0,0,0,0,0,0,0,0,0,0,0,0,0,0,0,1,0,2,1,1,1,21,1,7,11,0,2,0,1,1,1,50,44,754,yes,no,0
b426bd4b15d9798018a03d2aa39837bc,614,336,6,225,28,0,0,0,Yes,%PDF-1.6,242,242,64,64,5,5,5,0,0,0,0,0,0,0,0,0,0,0,0,0,0,0,0,0,0,0,0,0,0,0,0,18,0,5,0,25,7,153,4,116,16,0,24,0,4,4,4,331,338,1028,yes,no,0
cb0a69070b5b7165ebf9ee867ae99c76,65,340,25,108,46,0,0,0,Yes,%PDF-1.4,107,107,32,32,2,2,2,0,0,0,0,0,0,0,0,0,0,0,0,0,0,0,0,0,0,0,0,0,0,0,0,25,0,2,1,25,1,32,1,73,0,0,14,0,1,1,1,183,185,92,yes,no,0
e9f46ea6a6878c98b248aca3c9b17976,1664,271,1,206,0,0,0,0,Yes,%PDF-1.4,141,141,88,88,2,2,2,0,1,0,0,0,0,0,0,0,0,0,0,0,0,0,0,0,0,0,0,0,0,0,0,1,0,2,1,6,1,167,1,65,49,0,14,0,1,1,9,189,199,3112,yes,no,0
53cbd5aa81da9932456335d195e44854,109,495,6,63,53,1,0,0,Yes,%PDF-1.2,62,62,24,24,2,2,2,1,0,0,0,0,0,0,0,0,0,0,0,0,0,0,0,0,0,0,0,0,0,0,0,6,0,2,1,6,2,19,1,25,2,0,6,0,1,1,0,68,72,191,yes,no,0
3bb6fd5d9fa997e25eba2c452e8cfa32,41,422,4,180,29,1,0,0,Yes,%PDF-1.6,51,51,17,17,2,2,2,2,2,0,0,0,0,0,0,0,0,0,0,0,0,0,0,0,0,0,0,0,0,0,0,4,0,2,1,4,1,54,1,37,0,0,8,6,1,1,1,73,75,68,yes,no,0
d15f7e725c60a046d17009a2b17678f3,64,313,30,114,25,0,0,0,Yes,%PDF-1.4,113,113,35,35,2,2,2,0,0,0,0,0,0,0,0,0,0,0,0,0,0,0,0,0,0,0,0,0,0,0,0,30,0,2,1,30,1,23,1,56,0,0,8,0,1,1,1,175,175,102,yes,no,0
f024111649c1b434f30509e76c32280d,2620,401,1,908,33,1,0,0,Yes,%PDF-1.6,907,907,890,890,2,2,2,2,0,0,0,0,0,0,0,0,0,0,0,0,0,0,0,0,0,0,0,0,0,0,0,1,0,2,1,1,1,928,2,19,1,0,6,0,1,1,1,1809,1819,4937,yes,no,0
f6ed1f8311d45403a75dd9d575667e0d,42,275,5,31,0,0,0,0,Yes,%PDF-1.4,30,30,8,7,2,2,2,0,0,0,0,0,0,0,0,0,0,0,0,0,0,0,0,0,0,0,0,0,0,0,0,5,0,2,1,5,2,9,1,17,0,0,4,0,1,1,0,41,42,67,yes,no,0
e6312b48720925bfd59b6ed283539bbb,252,336,1,32,31,0,0,0,Yes,%PDF-1.3,35,35,10,10,3,3,3,0,0,0,0,0,2,0,0,0,0,0,0,0,0,0,0,0,0,0,0,0,0,0,0,1,0,3,4,1,2,26,7,19,1,0,6,0,3,3,2,37,36,347,yes,no,0
3224c4696c5215863056f74ed852db60,572,323,16,82,24,0,0,0,Yes,%PDF-1.1,81,81,33,33,1,1,1,0,0,0,0,0,0,0,0,0,0,0,0,0,0,0,0,0,0,0,0,0,0,0,0,16,0,1,1,16,1,30,1,41,21,0,4,0,0,1,0,136,138,916,yes,no,0
003278cd7e4a5ad09683938e3d3d87ab,2300,302,48,204,12,0,0,0,Yes,%PDF-1.2,207,207,65,64,2,2,2,0,0,0,0,0,0,0,0,0,0,0,0,0,0,0,0,0,0,0,0,0,0,0,0,48,0,2,2,48,3,64,2,57,9,0,2,0,1,2,0,255,264,4032,yes,no,0
8734047463328a2e48f550cc658e780d,39,259,5,43,10,0,0,0,Yes,%PDF-1.3,42,45,7,7,1,1,1,0,0,0,0,0,0,0,0,0,0,0,0,0,0,0,0,0,0,0,0,0,0,0,0,5,0,1,1,5,1,23,0,32,0,0,10,0,0,1,0,54,55,53,yes,no,0
bd81d467d44d96e8d4eca42dcaa0c33c,4,320,2,14,28,0,0,0,Yes,%PDF-1.2,13,13,2,2,1,1,1,0,0,0,0,0,0,0,0,0,0,0,0,0,0,0,0,0,0,0,0,0,0,0,0,2,0,1,1,2,1,5,1,5,0,0,0,0,0,1,0,15,15,8,yes,no,0
bb6bb377ea8f220a6eb1ec8f730aaed6,256,729,90,340,85,1,0,0,Yes,%PDF-1.5,339,339,92,92,2,2,2,2,0,0,0,0,0,0,0,0,0,0,0,0,0,0,0,0,0,0,0,0,0,0,0,90,0,2,1,90,1,33,1,115,0,0,10,15,1,1,1,521,520,424,yes,no,0
6456c659165d484068eb78fa9a4da8d2,333,329,9,303,37,0,0,0,Yes,%PDF-1.4,110,110,42,42,2,2,2,0,2,0,0,0,0,0,0,0,0,0,0,2,0,0,0,0,0,0,0,0,0,0,0,9,0,2,1,9,1,74,1,69,21,0,14,1,1,1,1,163,162,529,yes,no,0
8718039b98e4a2c24ad8eff7f00e4069,97,291,10,49,16,0,0,0,Yes,%PDF-1.4,48,48,15,15,2,2,2,0,0,0,0,0,0,0,0,0,0,0,0,0,0,0,0,0,0,0,0,0,0,0,0,10,0,2,1,10,2,11,1,22,0,0,4,0,1,1,1,80,81,168,yes,no,0
72b8a4bf03db572a628f3c62fee2f3e0,96,291,17,72,16,0,0,0,Yes,%PDF-1.4,71,71,22,22,2,2,2,0,0,0,0,0,0,0,0,0,0,0,0,0,0,0,0,0,0,0,0,0,0,0,0,17,0,2,1,17,2,12,1,29,0,0,4,0,1,1,1,124,123,180,yes,no,0
208077c32dcfe2da2982bc58e91761ca,233,305,1,31,18,0,0,0,No,%PDF-1.4,30,30,15,15,2,2,2,0,0,0,0,1,0,0,0,0,0,0,0,0,0,0,0,0,0,0,0,0,0,0,0,1,0,2,1,1,1,28,1,7,2,0,2,0,1,1,2,38,35,545,yes,no,0
4a4e4904b4c4456161e6cd23d64e67af,23,317,1,24,25,0,0,0,Yes,%PDF-1.4,23,23,5,5,2,2,2,0,0,0,0,0,0,0,0,0,0,0,0,0,0,0,0,0,0,0,0,0,0,0,0,1,0,2,1,1,1,16,1,33,2,0,8,0,1,1,1,28,28,25,yes,no,0
83876a96876874c5a0c16886d25ee7d5,476,294,2,27,8,0,0,0,No,%PDF-1.3,26,26,9,9,2,2,2,0,0,0,0,0,0,0,0,0,0,0,0,0,0,0,0,0,0,0,0,0,0,0,0,2,0,2,1,2,2,13,1,0,4,0,0,0,1,1,0,29,30,587,yes,no,0
49ac640e997a19cc2147fa2ba5e4b595,273,261,52,184,11,0,0,0,Yes,%PDF-1.2,183,183,52,52,1,1,1,0,0,0,0,0,0,0,0,0,0,0,0,0,0,0,0,0,0,0,0,0,0,0,0,52,0,1,1,52,1,25,1,80,2,0,12,0,0,1,0,243,239,348,yes,no,0
8c96e872296b4b9abba1e07701e1b970,1669,566,77,5891,110,0,0,0,Yes,%PDF-1.4,5890,5890,126,126,2,2,2,0,0,0,0,0,1,0,0,0,0,0,0,0,0,0,0,0,0,0,0,0,0,0,0,77,0,2,1,78,2,4141,1,153,31,0,24,35,1,1,1,6135,6151,1625,yes,no,0
cfaf2d157b257a98553562cb870638e8,23,318,9,40,31,0,0,0,Yes,%PDF-1.2,39,39,8,8,1,1,1,0,0,0,0,0,0,0,0,0,0,0,0,0,0,0,0,0,0,0,0,0,0,0,0,9,0,1,1,9,1,13,1,28,0,0,8,0,0,1,0,48,49,30,yes,no,0
42329a535887ec192cc0f286b8f68800,37,283,1,44,0,0,0,0,Yes,%PDF-1.5,43,43,25,25,2,2,2,0,0,0,0,0,0,0,0,0,0,0,0,0,0,0,0,0,0,0,0,0,0,0,0,1,0,2,1,1,1,21,1,17,11,0,4,0,1,1,1,46,45,68,yes,no,90
65272fb6ce8c7cacd75a51ac7c0af3e9,32,314,2,102,14,0,0,0,Yes,%PDF-1.4,90,90,9,9,3,3,3,0,0,0,0,0,0,0,0,0,0,0,0,0,0,0,0,0,0,0,0,0,0,0,0,4,0,3,3,4,5,57,3,24,0,0,6,0,3,2,2,105,105,34,yes,no,0
20c89eda0b966d4c65ad3a732d7b4076,178,267,105,356,8,0,0,0,Yes,%PDF-1.4,355,355,112,112,2,2,2,0,0,0,0,0,0,0,0,0,0,0,0,0,0,0,0,0,0,0,0,0,0,0,0,105,0,2,1,106,1,29,1,136,0,0,10,0,1,1,1,569,570,292,yes,no,0
bb7a4875b1cf4d45dcbbecf4af319074,121,273,4,60,13,0,0,0,Yes,%PDF-1.2,59,59,18,18,2,2,2,0,0,0,0,0,0,0,0,0,0,0,0,0,0,0,0,0,0,0,0,0,0,0,0,4,0,2,1,4,2,18,1,15,0,0,2,0,1,1,0,55,55,231,yes,no,0
02622464314fdcd7de9d74b1ecf289f7,39,259,4,65,20,0,0,0,Yes,%PDF-1.4,64,64,19,19,2,2,2,0,0,0,0,0,1,0,0,0,1,0,0,0,0,0,0,0,0,0,0,0,0,0,0,4,0,2,1,4,2,29,1,21,0,0,4,0,1,1,1,69,70,59,yes,no,0
ab548945ee5dd5085075db53f1cd0180,139,496,5,1341,58,0,0,0,Yes,%PDF-1.4,93,93,36,36,4,4,3,0,13,0,0,0,0,0,0,0,0,0,0,4,0,0,0,0,0,0,0,0,0,0,0,5,0,3,2,5,4,65,2,97,2,0,22,7,2,4,2,140,139,186,yes,no,0
7915f0eef7daa6f4d08c8aad934c635d,135,458,5,1393,55,0,0,0,Yes,%PDF-1.4,89,89,35,35,2,2,2,0,14,0,0,0,0,0,0,0,0,0,0,4,0,0,0,0,0,0,0,0,0,0,0,5,0,2,1,5,1,59,1,89,2,0,20,8,1,1,1,125,124,181,yes,no,0
9b6dc96c5bc11374a4ce9565d9530653,12,281,2,21,14,0,0,0,Yes,%PDF-1.3,20,20,3,3,2,2,2,0,0,0,0,0,1,0,0,0,0,0,0,0,0,0,0,0,0,0,0,0,0,0,0,2,0,2,1,2,2,21,1,27,0,0,10,0,1,1,0,28,28,10,yes,no,0
e4dbcdd85a4fef69af2431ae4e592b67,11,292,2,22,0,0,0,0,Yes,%PDF-1.3,21,21,3,3,2,2,2,0,0,0,0,0,1,0,0,0,0,0,0,0,0,0,0,0,0,0,0,0,0,0,0,2,0,2,1,3,2,20,1,28,0,0,10,0,1,1,0,31,31,10,yes,no,0
afe3cb302cd599b3eb43e2e230d2ba2b,45,352,8,53,61,0,0,0,Yes,%PDF-1.4,52,52,13,13,2,2,2,0,0,0,0,0,0,0,0,0,0,0,0,0,0,0,0,0,0,0,0,0,0,0,0,8,0,2,1,8,1,24,1,66,0,0,14,0,1,1,1,78,78,68,yes,no,0
73970e5a3d6c5832e5d87b645c5e7382,282,311,10,152,10,0,0,0,Yes,%PDF-1.4,151,151,72,72,2,2,2,0,0,0,0,0,0,0,0,0,0,0,0,0,0,0,0,0,0,0,0,0,0,0,0,10,0,2,1,10,2,94,1,120,38,0,26,0,1,1,1,179,258,442,yes,no,0
a863f0d21061b5be0e4d493cb8061940,1741,311,20,340,14,0,0,0,Yes,%PDF-1.4,339,339,120,120,2,2,2,0,0,0,0,0,0,0,0,0,0,0,0,0,0,0,0,0,0,0,0,0,0,0,0,20,0,2,1,63,1,211,1,110,119,0,30,0,1,1,1,597,621,2825,yes,no,0
75d8a563563b86693822dae7f1a1f12c,422,305,17,1066,1,0,0,0,Yes,%PDF-1.4,141,141,53,53,2,2,2,0,10,0,0,0,0,0,0,0,0,0,0,24,0,0,0,0,0,0,0,0,0,0,0,17,0,2,1,17,1,133,1,127,2,0,24,12,1,1,1,229,228,741,yes,no,0
77b1754790c64b15a0f198c2533de932,213,420,3,181,46,0,0,0,Yes,%PDF-1.4,77,77,34,34,2,2,2,0,2,0,0,0,0,0,0,0,0,0,0,2,0,0,0,0,0,0,0,0,0,0,0,3,0,2,1,3,1,58,1,105,7,0,22,1,1,1,1,117,115,357,yes,no,0
3954fdae2d5a70cedc774069e0f2d706,1163,273,1,30,0,0,0,0,No,%PDF-1.4,29,29,14,14,2,2,2,0,0,0,0,1,0,0,0,0,0,0,0,0,0,0,0,0,0,0,0,0,0,0,0,1,0,2,1,1,1,53,1,19,0,0,4,0,1,1,2,55,52,2077,yes,no,0
e4241e720cf1d8c63cff304c179c9ee1,275,361,5,297,15,0,0,0,Yes,%PDF-1.4,65,65,26,26,2,2,2,0,3,0,0,0,0,0,0,0,0,0,0,10,0,0,0,0,0,0,0,0,0,0,0,5,0,2,1,5,1,62,1,45,10,0,10,5,1,1,1,109,112,418,yes,no,0
128a8cb9ca9c9e7e60af0203a4a38b89,1148,283,19,257,10,0,0,0,Yes,%PDF-1.2,256,256,78,78,2,2,2,0,0,0,0,0,0,0,0,0,0,0,0,0,0,0,0,0,0,0,0,0,0,0,0,19,0,2,1,19,2,85,1,101,38,0,30,0,1,1,0,236,251,1386,yes,no,0
01cd3be65dbf074c4c9b0ee98070f907,683,405,20,360,95,0,0,0,Yes,%PDF-1.4,96,96,39,39,2,2,2,0,3,0,0,0,0,0,0,0,0,0,0,0,0,0,0,0,0,0,0,0,0,0,0,20,0,2,1,20,1,79,1,80,28,0,14,0,1,1,1,256,254,1136,yes,no,90
44500c23caebea7646f7447b4e60f959,46,332,10,57,44,0,0,0,Yes,%PDF-1.4,56,56,14,14,2,2,2,0,0,0,0,0,0,0,0,0,0,0,0,0,0,0,0,0,0,0,0,0,0,0,0,10,0,2,1,10,1,23,1,68,0,0,14,0,1,1,1,79,79,64,yes,no,0
8183192424b5ffc071c4b123e8909f68,70,255,23,93,0,0,0,0,Yes,%PDF-1.2,92,92,29,29,2,2,2,0,0,0,0,0,0,0,0,0,0,0,0,0,0,0,0,0,0,0,0,0,0,0,0,23,0,2,1,23,2,22,1,47,3,0,8,0,1,1,0,142,143,122,yes,no,0
8cf22654a23f82b4f1039371e08741a3,16,343,1,25,14,1,0,0,Yes,%PDF-1.2,24,24,5,5,2,2,2,1,0,0,0,0,0,0,0,0,0,0,0,0,0,0,0,0,0,0,0,0,0,0,0,1,0,2,1,1,2,19,1,21,2,0,8,0,1,1,1,28,28,24,yes,no,0
dd01e61d8cf830d341a8da349e060a66,35,236,7,40,0,0,0,0,Yes,%PDF-1.3,39,39,7,7,1,1,1,0,0,0,0,0,0,0,0,0,0,0,0,0,0,0,0,0,0,0,0,0,0,0,0,7,0,1,1,7,0,18,1,27,0,0,8,0,0,1,0,46,46,10,yes,no,0
7af46bd492902f56bb591bbd5244d8ba,35,230,6,38,0,0,0,0,Yes,%PDF-1.3,37,37,6,6,1,1,1,0,0,0,0,0,0,0,0,0,0,0,0,0,0,0,0,0,0,0,0,0,0,0,0,6,0,1,1,6,0,22,1,31,0,0,10,0,0,1,0,43,43,9,yes,no,0
fd6a1bc3dafabfac784d63ef7cb79175,29,332,5,42,44,0,0,0,Yes,%PDF-1.4,41,41,9,9,2,2,2,0,0,0,0,0,0,0,0,0,0,0,0,0,0,0,0,0,0,0,0,0,0,0,0,5,0,2,1,5,1,23,1,63,0,0,14,0,1,1,1,54,54,41,yes,no,0
a9c5133c3ef50c3f97abe84860863bec,360,281,8,67,0,0,0,0,Yes,%PDF-1.6,66,66,26,26,2,2,2,0,0,0,0,0,0,0,0,0,0,0,0,0,0,0,0,0,0,0,0,0,0,0,0,8,0,2,1,8,1,28,1,44,4,0,12,0,1,1,1,96,100,526,yes,no,0
fafef69937fcc4d30d60d849ebb9fc86,97,264,8,58,0,0,0,0,Yes,%PDF-1.2,57,57,12,12,1,1,1,0,0,0,0,0,0,0,0,0,0,0,0,0,0,0,0,0,0,0,0,0,0,0,0,8,0,1,1,8,1,28,1,44,4,0,14,0,0,1,0,63,62,102,yes,no,0
59180a93a63ba9618defbe8131bb6ced,179,247,33,98,0,0,0,0,Yes,%PDF-1.2,97,97,40,26,1,1,1,0,0,0,0,0,0,0,0,0,0,0,0,0,0,0,0,0,0,0,0,0,0,0,0,33,0,1,1,33,0,23,1,75,0,0,14,0,1,1,0,157,161,306,yes,no,0
959c125f7e0c6c9946e636d0211bf98d,9,342,1,21,52,0,0,0,Yes,%PDF-1.4,20,20,3,3,2,2,2,0,0,0,0,0,0,0,0,0,0,0,0,0,0,0,0,0,0,0,0,0,0,0,0,1,0,2,1,1,1,15,1,33,0,0,8,0,1,1,1,24,24,7,yes,no,0
24ca2aa477ff675faad61d8d34b8e8e1,351,231,75,264,0,0,0,0,Yes,%PDF-1.3,263,263,75,75,1,2,1,0,0,0,0,0,0,0,0,0,0,0,0,0,0,0,0,0,0,0,0,0,0,0,0,75,0,1,1,75,0,26,1,105,0,0,12,0,0,2,0,338,338,78,yes,no,0
91692e4186905260062ec3fb400cb90f,42,247,9,30,0,0,0,0,Yes,%PDF-1.2,29,29,11,8,1,1,1,0,0,0,0,0,0,0,0,0,0,0,0,0,0,0,0,0,0,0,0,0,0,0,0,9,0,1,1,9,0,8,1,21,0,0,4,0,1,1,0,46,46,74,yes,no,0
a9da5a8be000a0815e3fae31721a17b6,73,285,25,118,0,0,0,0,Yes,%PDF-1.3,117,117,27,27,2,2,2,0,0,0,0,0,0,0,0,0,0,0,0,0,0,0,0,0,0,0,0,0,0,0,0,25,0,2,1,25,2,9,1,35,0,0,4,0,1,1,0,118,117,121,yes,no,0
af1b80f15d2c34c42313dc7eb2fe7e31,379,273,2,80,0,0,0,0,Yes,%PDF-1.4,79,79,45,45,2,2,2,0,0,0,0,1,0,0,0,0,0,0,0,0,0,0,0,0,0,0,0,0,0,0,0,2,0,2,1,3,3,98,1,48,12,0,10,0,1,1,13,111,150,461,yes,no,0
e75b2466d53fdb17501b6c4f483c6072,225,245,1,98,0,0,0,0,Yes,%PDF-1.6,97,97,30,30,2,2,2,0,0,0,0,0,0,0,0,0,0,0,0,0,0,0,0,0,0,0,0,0,0,0,0,1,0,2,1,1,1,68,1,43,6,0,14,0,1,1,1,81,81,335,yes,no,0
d800b083c3a822299178dc37aaaec459,1505,300,87,354,9,0,0,0,Yes,%PDF-1.3,353,353,131,131,2,2,2,0,0,0,0,0,0,0,0,0,0,0,0,0,0,0,0,0,0,0,0,0,0,0,0,87,0,2,1,87,2,82,1,129,56,0,14,0,1,1,1,613,596,1717,yes,no,0
18a996692dc340c76c5aa4f56ce6897e,75,247,6,36,0,0,0,0,Yes,%PDF-1.2,35,35,11,8,1,1,1,0,0,0,0,0,0,0,0,0,0,0,0,0,0,0,0,0,0,0,0,0,0,0,0,6,0,1,1,6,0,16,1,36,0,0,10,0,1,1,0,43,44,126,yes,no,0
8c2f5683e08533c137dbc08f02a01f4b,48,335,1,25,8,0,0,0,Yes,%PDF-1.3,24,24,6,6,1,1,1,0,0,0,0,0,0,0,0,0,0,0,0,0,0,0,0,0,0,0,0,0,0,0,0,1,0,1,1,1,1,25,1,35,0,0,12,0,1,1,0,27,28,75,yes,no,0
bfa281cc6f856a44ab4acce418d3cf79,14,282,3,23,0,0,0,0,Yes,%PDF-1.2,22,22,4,4,2,2,2,0,0,0,0,0,0,0,0,0,0,0,0,0,0,0,0,0,0,0,0,0,0,0,0,3,0,2,1,3,2,12,1,9,0,0,0,0,1,1,0,29,31,98,yes,no,0
628b91cbb30378cee651adf0bf1be3ff,110,443,1,67,70,0,0,0,Yes,%PDF-1.4,68,68,28,28,3,3,3,0,0,0,0,0,0,2,0,0,0,0,0,0,0,0,0,0,0,0,0,0,0,0,0,1,0,3,2,1,3,50,2,40,6,0,12,0,2,2,2,68,71,170,yes,no,0
4d571376437d20cb722632245e146346,305,310,31,458,28,0,0,0,Yes,%PDF-1.4,457,457,62,62,2,2,2,0,0,0,0,0,0,0,0,0,0,0,0,0,0,0,0,0,0,0,0,0,0,0,0,31,0,2,1,31,2,645,1,87,0,0,18,10,1,1,1,737,735,466,yes,no,0
6122aee265ceae02fdb7ce33996aed98,205,306,6,139,7,0,0,0,Yes,%PDF-1.2,138,138,59,59,2,2,2,0,0,0,0,0,0,0,0,0,0,0,0,0,0,0,0,0,0,0,0,0,0,0,0,6,0,2,1,6,2,38,1,14,32,0,2,0,1,1,0,122,124,205,yes,no,0
d9a6ab3efb3eb5629be6aa9ca8f1d657,6,468,4,25,23,0,0,0,Yes,%PDF-1.2,24,24,4,2,1,1,1,0,0,0,0,0,0,0,0,0,0,0,0,0,0,0,0,0,0,0,0,0,0,0,0,4,0,1,1,4,0,3,1,7,0,0,1,0,1,1,0,25,25,8,yes,no,0
6bd024abefd771ac70ac4d4d84161e1a,99,314,1,36,27,0,0,0,Yes,%PDF-1.3,35,35,11,11,2,2,2,0,0,0,0,0,0,0,0,0,0,0,0,0,0,0,0,0,0,0,0,0,0,0,0,1,0,2,1,1,2,24,1,38,0,0,12,0,1,1,1,40,39,184,yes,no,0
f85f829cf7538c6a2331290ea613d4c7,51,285,17,85,0,0,0,0,Yes,%PDF-1.3,84,84,19,19,2,2,2,0,0,0,0,0,0,0,0,0,0,0,0,0,0,0,0,0,0,0,0,0,0,0,0,17,0,2,1,17,2,9,1,27,0,0,4,0,1,1,0,85,84,84,yes,no,0
9b9d5c907e082a9ba14c7aa5fdef0557,109,254,4,45,5,0,0,0,Yes,%PDF-1.4,44,44,11,11,1,1,1,0,0,0,0,0,0,0,0,0,0,0,0,0,0,0,0,0,0,0,0,0,0,0,0,4,0,1,1,4,1,18,1,22,2,0,6,0,0,1,0,43,43,184,yes,no,0
262518624a6674100248f2b2d5e5f826,4090,253,226,2137,0,0,0,0,Yes,%PDF-1.4,2136,2136,734,734,2,2,2,0,0,0,0,0,1,1,0,0,0,0,0,2,0,0,0,0,0,0,0,0,0,0,0,226,0,2,1,226,2,548,1,1126,3,0,290,1,1,1,1,2291,2277,6802,yes,no,0
918daaec24cca7c3f3175def9e6bd9e2,61,533,1,22,85,0,0,0,Yes,%PDF-1.4,22,22,6,5,3,3,3,0,0,0,0,0,0,0,0,0,0,0,0,0,0,0,0,0,0,0,0,0,0,0,0,1,0,3,2,1,3,12,2,13,2,0,4,0,2,2,1,30,30,86,yes,no,0
63038b620860c9605581e08652531ae7,20,331,6,33,89,0,0,0,Yes,%PDF-1.2,32,32,6,6,1,1,1,0,0,0,0,0,0,0,0,0,0,0,0,0,0,0,0,0,0,0,0,0,0,0,0,6,0,1,1,6,1,16,1,31,0,0,10,0,0,1,0,38,38,15,yes,no,0
20298adf417604adcde4ce1618c35e20,9,491,3,20,51,0,0,0,Yes,%PDF-1.2,19,19,3,3,1,1,1,0,0,0,0,0,0,0,0,0,0,0,0,0,0,0,0,0,0,0,0,0,0,0,0,3,0,1,1,3,1,8,1,13,0,0,4,0,0,1,0,22,22,12,yes,no,0
63bd6a36d9df0b72acef6d0b2f3a8b18,33,536,13,55,53,0,0,0,Yes,%PDF-1.2,54,54,13,13,1,1,1,0,0,0,0,0,0,0,0,0,0,0,0,0,0,0,0,0,0,0,0,0,0,0,0,13,0,1,1,13,1,11,1,28,0,0,6,0,0,1,0,68,67,47,yes,no,0
34cb79c124740d65ffd8d65893fbf2e2,58,411,8,57,64,0,0,0,Yes,%PDF-1.3,57,57,12,12,3,3,3,0,0,0,0,0,0,0,0,0,0,0,0,0,0,0,0,0,0,0,0,0,0,0,0,8,0,3,2,8,3,33,2,48,0,0,16,0,2,2,1,82,83,72,yes,no,0
92578b7aa0fdca84d51808533ba3d982,376,350,17,8705,56,0,0,0,Yes,%PDF-1.4,146,146,114,114,2,2,2,0,86,0,0,0,0,0,0,0,0,0,0,0,0,0,0,0,0,0,0,0,0,0,0,17,0,2,1,17,1,31,1,25,0,0,2,0,1,1,1,221,222,268,yes,no,0
d510239a6497c45c80077f50dc34deaf,303,393,52,197,87,0,0,0,Yes,%PDF-1.4,196,196,59,59,2,2,2,0,0,0,0,0,0,0,0,0,0,0,0,0,0,0,0,0,0,0,0,0,0,0,0,52,0,2,1,52,1,40,1,106,2,0,18,0,1,1,1,363,357,461,yes,no,0
afdc32d06cc86fd0c98a4d3703d2f066,290,390,50,190,87,0,0,0,Yes,%PDF-1.4,189,189,57,57,2,2,2,0,0,0,0,0,0,0,0,0,0,0,0,0,0,0,0,0,0,0,0,0,0,0,0,50,0,2,1,50,1,43,1,104,2,0,18,0,1,1,1,350,347,464,yes,no,0
41b364de7b154c740cfcdac811efece2,316,394,56,207,87,0,0,0,Yes,%PDF-1.4,206,206,63,63,2,2,2,0,0,0,0,0,0,0,0,0,0,0,0,0,0,0,0,0,0,0,0,0,0,0,0,56,0,2,1,56,1,38,1,105,2,0,16,0,1,1,1,383,384,512,yes,no,0
9d4f8aa02ee350193f049698a8172be6,51,250,1,130,5,0,0,0,Yes,%PDF-1.4,129,129,3,3,2,2,2,0,0,0,0,0,0,0,0,0,0,0,0,0,0,0,0,0,0,0,0,0,0,0,0,1,0,2,1,1,1,186,1,2,2,0,0,0,1,1,0,198,198,44,yes,no,0
502e9d8d6c5c48e9581809a6d9e5300f,7,303,1,19,12,0,0,0,Yes,%PDF-1.4,18,18,3,3,2,2,2,0,0,0,0,0,0,0,0,0,0,0,0,0,0,0,0,0,0,0,0,0,0,0,0,1,0,2,1,1,1,14,1,25,0,0,6,0,1,1,1,22,22,5,yes,no,0
0d2fcc198a4494cb78308d48748286da,867,299,19,1744,32,0,0,0,Yes,%PDF-1.6,1743,1743,68,68,2,2,2,0,0,0,0,0,1,0,0,0,0,0,0,22,0,0,0,0,0,0,0,0,0,0,0,19,0,2,1,19,1,1745,1,62,9,0,14,362,1,1,1,2190,2191,934,yes,no,0
657edfb2c66da094615e5555b1e297cc,1101,332,4,1112,39,0,0,0,Yes,%PDF-1.3,1115,1114,997,997,3,3,3,0,0,0,0,0,0,0,0,0,0,0,0,0,0,0,0,0,0,0,0,0,0,0,0,5,0,3,2,5,3,942,2,34,909,0,10,0,2,2,0,1074,1071,6470,yes,no,0
ceee2ae361089d375528902745041cd8,2285,364,1000,3125,49,1,0,0,Yes,%PDF-1.4,3126,3124,1002,1002,2,2,2,2,0,0,0,0,0,0,0,0,0,0,0,0,0,0,0,0,0,0,0,0,0,0,0,1000,0,2,1,1000,1,40,1,1016,0,0,4,0,1,1,1,5155,5160,4018,yes,no,0
de447397a103422fb5bcd5c56b7a43bc,51,310,2,39,18,0,0,0,Yes,%PDF-1.4,38,38,8,8,2,2,2,0,0,0,0,0,0,0,0,0,0,0,0,0,0,0,0,0,0,0,0,0,0,0,0,2,0,2,1,2,1,27,1,77,0,0,18,0,1,1,1,44,46,73,yes,no,0
d395ec3db75323d2bd2a7e2530ebc03a,3613,260,59,1232,0,0,0,0,Yes,%PDF-1.3,1229,1229,442,442,1,1,1,0,0,0,0,0,0,0,0,0,0,0,0,0,0,0,0,0,0,0,0,0,0,0,0,59,0,1,1,118,1,337,1,101,361,0,14,0,1,1,0,916,923,5597,yes,no,0
515145f252f60b2812efac06625795dc,18,283,6,31,16,0,0,0,Yes,%PDF-1.3,30,30,7,7,2,2,2,0,0,0,0,0,1,0,0,0,0,0,0,0,0,0,0,0,0,0,0,0,0,0,0,6,0,2,1,6,2,24,1,36,0,0,12,0,1,1,0,50,50,23,yes,no,0
434362e28e15b25c041e59caf70971de,2585,260,20,248,0,0,0,0,Yes,%PDF-1.5,247,247,100,100,2,2,2,0,0,0,0,0,1,0,0,0,0,0,0,0,0,0,0,0,0,0,0,0,0,0,0,20,0,2,4,20,1,170,4,130,47,0,35,0,4,4,4,479,481,4314,yes,no,0
447ff82895676974fb0ac23594c903c3,18,322,1,26,30,0,0,0,Yes,%PDF-1.4,25,25,10,10,2,2,2,0,0,0,0,0,0,0,0,0,0,0,0,0,0,0,0,0,0,0,0,0,0,0,0,1,0,2,1,1,1,13,1,25,0,0,6,0,1,1,1,29,29,21,yes,no,0
945d96889a61905ca2fe3d02a21657d9,2006,327,57,2073,40,0,0,0,Yes,%PDF-1.5,2072,2072,1843,1843,2,2,2,0,0,0,0,0,0,0,0,0,0,0,0,0,0,0,0,0,0,0,0,0,0,0,0,57,0,2,1,58,1,1890,1,135,1784,0,23,0,1,1,1,2341,2336,3077,yes,no,90
c0f07643bcf3c27ca12b25be1d3577fa,51,288,17,54,16,0,0,0,Yes,%PDF-1.3,53,53,18,18,2,2,2,0,0,0,0,0,1,0,0,0,0,0,0,0,0,0,0,0,0,0,0,0,0,0,0,17,0,2,1,17,2,22,1,42,0,0,10,0,1,1,0,107,106,79,yes,no,0
8aea534e554261500eadd4113fa77706,574,329,33,2027,29,0,0,0,Yes,%PDF-1.4,161,161,74,74,2,2,2,0,19,0,0,0,0,1,0,0,0,0,0,0,0,0,0,0,0,0,0,0,0,0,0,33,0,2,1,35,1,97,1,120,2,2,18,6,1,1,1,334,329,969,yes,no,0
2c95973b217b67373213f62a61cea9fa,67,274,20,96,0,0,0,0,Yes,%PDF-1.6,95,95,30,30,2,2,2,0,0,0,0,0,0,1,0,0,0,0,0,0,0,0,0,0,0,0,0,0,0,0,0,20,0,2,1,20,1,63,1,55,0,0,8,0,1,1,1,179,180,85,yes,no,0
7d13550e685b76babe9633edbe365957,296,342,4,682,36,0,0,0,Yes,%PDF-1.3,681,681,41,41,2,2,2,0,0,0,0,0,1,0,0,0,0,0,0,2,0,0,0,0,0,0,0,0,0,0,0,4,0,2,1,4,2,534,1,35,21,0,10,1,1,1,1,687,686,347,yes,no,0
0d4dd2288a88292d459f45fc665f2d62,328,324,2,441,23,0,0,0,Yes,%PDF-1.4,72,72,40,40,2,2,2,0,4,0,0,0,0,0,0,0,0,0,0,2,0,0,0,0,0,0,0,0,0,0,0,2,0,2,1,2,1,60,1,50,25,0,12,1,1,1,1,94,94,488,yes,no,90
87c289c3e3767f52a021ce717fb98975,384,324,2,476,23,0,0,0,Yes,%PDF-1.4,81,81,40,40,2,2,2,0,4,0,0,0,0,0,0,0,3,0,0,2,0,0,0,0,0,0,0,0,0,0,0,2,0,2,1,2,1,75,1,50,25,0,12,4,1,1,1,111,114,555,yes,no,90
d2c21365865aa7e8169b48fbc55f8d68,496,336,2,43,49,0,0,0,Yes,%PDF-1.4,42,42,17,17,2,2,2,0,0,0,0,0,0,0,0,0,0,1,0,0,0,0,0,0,0,0,0,0,0,0,0,2,0,2,1,2,1,31,1,47,9,0,10,0,1,1,1,59,56,787,yes,no,0
b40d488b5d7408deb68a3db4eb8a26e2,160,318,3,74,28,0,0,0,Yes,%PDF-1.3,73,73,39,39,2,2,2,0,0,0,0,0,0,0,0,0,0,0,0,0,0,0,0,0,0,0,0,0,0,0,0,3,0,2,1,3,2,37,1,28,21,0,8,0,1,1,1,76,78,262,yes,no,0
3aad7fc2a31bde9beb309e166e37d5c0,385,308,18,5449,23,0,0,0,Yes,%PDF-1.4,2337,2337,49,49,3,3,3,0,0,0,0,0,0,0,0,0,0,0,0,0,0,0,0,0,0,0,0,0,0,0,0,36,0,3,2,36,2,1885,2,85,0,0,15,0,2,2,2,2468,2472,264,yes,no,0
3e0094ac21527e8b3d3efc51f701f9f4,18,503,3,64,193,1,0,0,Yes,%PDF-1.6,25,25,7,7,2,2,2,2,1,0,0,0,1,0,0,0,0,0,0,0,0,0,0,0,0,0,0,0,0,0,0,3,0,2,1,3,1,22,1,19,0,0,4,0,1,1,1,47,47,29,yes,no,0
03102ceabc86972f6bf9fe527e4dadfe,59,313,1,26,30,0,0,0,Yes,%PDF-1.3,25,25,5,5,1,1,1,0,0,0,0,0,0,0,0,0,0,0,0,0,0,0,0,0,0,0,0,0,0,0,0,1,0,1,1,1,1,8,1,19,0,0,6,0,1,1,0,19,20,97,yes,no,0
38b9cf1adf119eb12663d37dc124efef,2145,392,25,233,11,0,0,0,Yes,%PDF-1.4,145,145,71,71,2,2,2,0,1,0,0,0,1,0,0,0,0,0,0,0,0,0,0,0,0,0,0,0,0,0,0,25,0,2,1,25,2,110,1,53,8,0,8,0,1,1,5,247,264,3967,yes,no,0
35ed612f535a43dfdbe5e94936cf92a6,2393,333,112,550,42,0,0,0,Yes,%PDF-1.5,549,549,212,212,2,2,2,0,0,0,0,0,0,1,0,0,0,0,0,0,0,0,0,0,0,0,0,0,0,0,0,112,0,2,1,114,1,139,1,272,79,0,46,0,1,1,1,907,913,4124,yes,no,0
3a48520c54e4fd3a8c15389e2ddd64fc,404,308,5,44,8,0,0,0,Yes,%PDF-1.4,43,43,11,11,2,2,2,0,0,0,0,0,0,1,0,0,0,0,0,0,0,0,0,0,0,0,0,0,0,0,0,5,0,2,1,5,2,22,1,32,0,0,8,0,1,1,1,351,79,778,yes,no,0
439072770cf288b2e4dd29c81c9c6319,46,298,28,129,14,0,0,0,Yes,%PDF-1.3,136,136,29,29,4,4,4,0,0,0,0,0,0,0,0,0,0,0,0,0,0,0,0,0,0,0,0,0,0,0,0,28,0,4,3,28,4,33,3,40,0,0,4,10,3,3,0,223,223,58,yes,no,0
025752e9875544f1248581bc02b4cf4e,2768,255,58,266,0,0,0,0,Yes,%PDF-1.4,265,265,96,96,2,2,2,0,0,0,0,0,0,0,0,0,0,0,0,0,0,0,0,0,0,0,0,0,0,0,0,58,0,2,1,58,2,112,1,221,13,0,54,0,1,1,1,372,376,734,yes,no,0
0d7459c7f1d9a1c3572fc88ccd6a76fd,32,549,2,59,67,1,0,0,Yes,%PDF-1.4,58,58,9,9,2,2,2,1,0,0,0,0,0,0,0,0,0,0,0,0,0,0,0,0,0,0,0,0,0,0,0,2,0,2,1,2,2,79,1,8,5,0,2,0,1,1,1,81,81,47,yes,no,0
98784b3772f9ba90230c7fad4bda5f5b,30,337,1,37,45,0,0,0,Yes,%PDF-1.4,36,36,12,12,2,2,2,0,0,0,0,0,0,0,0,0,0,0,0,0,0,0,0,0,0,0,0,0,0,0,0,1,0,2,1,1,1,22,1,57,2,0,14,0,1,1,1,41,41,49,yes,no,0
1d72ceafce67e7df5270260dd1b52aff,69,335,2,40,8,0,0,0,Yes,%PDF-1.5,39,39,12,12,1,1,1,0,0,0,0,0,0,0,0,0,0,0,0,0,0,0,0,0,0,0,0,0,0,0,0,2,0,1,1,2,1,42,1,50,0,0,16,0,1,1,0,44,45,108,yes,no,0
85e6e8cc9a27f3a9503aba46bd9aa3dd,104,346,3,164,49,0,0,0,Yes,%PDF-1.3,163,163,16,16,2,2,2,0,0,0,0,0,1,0,0,0,0,0,0,4,0,0,0,0,0,0,0,0,0,0,0,3,0,2,1,3,2,140,1,21,0,0,6,2,1,1,1,168,167,154,yes,no,0
083bd854ee9360f688503172fac7d91b,43,399,3,48,78,0,0,0,Yes,%PDF-1.5,47,47,22,22,2,2,2,0,0,0,0,0,1,1,0,0,0,0,0,0,0,0,0,0,0,0,0,0,0,0,0,3,0,2,1,4,1,20,1,21,0,0,4,0,1,1,1,57,58,71,yes,no,0
03fba1c7ee215398b01c1c8d17470659,1471,684,2,249,48,0,0,0,Yes,%PDF-1.7,182,182,45,45,8,8,8,0,0,0,0,1,1,0,0,0,0,0,0,0,0,0,0,0,0,0,0,0,0,0,0,11,0,8,10,12,8,187,10,52,11,0,12,0,10,12,10,353,362,2528,yes,no,0
7c38ba5c8e84313c64e61ce7c9dd2cdb,23,439,3,53,67,0,0,0,Yes,%PDF-1.2,52,52,18,18,2,2,2,0,0,0,0,0,0,0,0,0,0,0,0,0,0,0,0,0,0,0,0,0,0,0,0,3,0,2,1,4,2,10,1,9,0,0,0,0,1,1,0,46,46,55,yes,no,0
2fb56746267c1d6cff4e426f1edef1a5,46,299,1,24,8,0,0,0,Yes,%PDF-1.2,23,23,5,5,1,1,1,0,0,0,0,0,0,0,0,0,0,0,0,0,0,0,0,0,0,0,0,0,0,0,0,1,0,1,1,1,1,26,1,32,0,0,11,0,1,1,0,26,28,88,yes,no,0
abada82e0e4f13068876f2bed1b3eb3a,1863,226,27,222,0,0,0,0,Yes,%PDF-1.6,250,250,90,90,3,3,3,0,0,0,0,0,0,2,0,0,0,0,0,0,0,0,0,0,0,0,0,0,0,0,0,54,0,3,0,49,2,188,24,114,46,0,16,32,2,2,2,416,414,4202,yes,no,90
4438479dec99a70d9f185c84c8d5bd0c,51,334,5,67,30,0,0,0,Yes,%PDF-1.4,69,69,21,21,3,3,3,0,0,0,0,0,0,0,0,0,0,0,0,0,0,0,0,0,0,0,0,0,0,0,0,5,0,3,2,5,2,48,2,77,0,0,22,0,2,2,2,83,83,59,yes,no,0
16887353ff152cdb571ec7ec69fb2f73,40,345,5,337,44,0,0,0,Yes,%PDF-1.4,43,43,19,19,2,2,2,0,3,0,0,0,0,0,0,0,0,0,0,0,0,0,0,0,0,0,0,0,0,0,0,5,0,2,1,5,1,23,1,37,0,0,8,0,1,1,1,64,64,49,yes,no,0
af51c22831686cd44224b05f1b0b39c9,185,366,8,134,142,0,0,0,Yes,%PDF-1.3,133,133,37,37,2,2,2,0,0,0,0,0,1,0,0,0,0,0,0,0,0,0,0,0,0,0,0,0,0,0,0,8,0,2,1,8,2,60,1,79,14,0,24,0,1,1,0,150,150,276,yes,no,0
e924409473e3564494d582e6ad90553b,13,265,2,21,0,0,0,0,Yes,%PDF-1.1,20,20,2,2,1,1,1,0,0,0,0,0,0,0,0,0,0,0,0,0,0,0,0,0,0,0,0,0,0,0,0,2,0,1,1,2,1,14,1,19,0,0,6,0,0,1,0,22,22,14,yes,no,0
34786bfb6e4a70d31c8142b6bb3e334d,119,356,4,158,47,0,0,0,Yes,%PDF-1.3,157,157,18,18,2,2,2,0,0,0,0,0,1,0,0,0,0,0,0,0,0,0,0,0,0,0,0,0,0,0,0,4,0,2,1,4,2,126,1,29,0,0,8,0,1,1,1,166,163,194,yes,no,0
203c7d39190264cb6137690a4ab54f3c,456,598,10,707,116,0,0,0,Yes,%PDF-1.5,112,112,62,62,2,2,2,0,6,0,0,0,1,0,0,0,0,0,0,4,0,0,0,0,0,0,0,0,0,0,0,10,0,2,1,10,1,71,1,75,6,0,14,2,1,1,1,156,151,746,yes,no,0
83448daddc1fa8d205a5d13c07ee5033,267,597,12,805,115,0,0,0,Yes,%PDF-1.5,104,104,56,56,2,2,2,0,7,0,0,0,0,1,0,0,0,0,0,4,0,0,0,0,0,0,0,0,0,0,0,12,0,2,1,12,1,68,1,30,9,0,4,2,1,1,1,171,167,428,yes,no,0
024e7299840128f0f88774014992af0d,4119,326,23,13118,55,0,0,0,Yes,%PDF-1.3,13114,13114,10166,10166,1,1,1,0,0,0,0,0,1,0,0,0,0,0,0,1,0,0,0,0,0,0,0,0,0,0,0,23,0,1,1,23,1,7304,1,49,7290,0,10,0,1,1,0,10396,10454,4553,yes,no,0
ccfe158e324748ca120e6ee46408cf0c,47,310,1,31,0,0,0,0,Yes,%PDF-1.3,29,29,8,8,1,1,1,0,0,0,0,0,0,0,0,0,0,0,0,0,0,0,0,0,0,0,0,0,0,0,0,1,0,1,1,1,1,27,1,41,0,0,14,0,1,1,0,34,32,73,yes,no,0
2da55fac33721840a283ad65ad89dce0,19,261,11,45,17,0,0,0,Yes,%PDF-1.2,44,44,11,11,1,1,1,0,0,0,0,0,0,0,0,0,0,0,0,0,0,0,0,0,0,0,0,0,0,0,0,11,0,1,1,11,1,8,1,14,0,0,0,0,0,1,0,67,67,31,yes,no,0
59c159c57afe8fff5ed376f26a042e42,52,311,5,62,39,0,0,0,Yes,%PDF-1.3,61,61,14,14,2,2,2,0,0,0,0,0,0,0,0,0,0,0,0,0,0,0,0,0,0,0,0,0,0,0,0,5,0,2,1,5,2,28,1,54,0,0,19,0,1,1,0,66,65,81,yes,no,0
b1481133b20a8d6e0a3ec2c4ad3ae36e,376,259,11,148,11,0,0,0,Yes,%PDF-1.1,147,147,47,47,1,1,1,0,0,0,0,0,0,0,0,0,0,0,0,0,0,0,0,0,0,0,0,0,0,0,0,11,0,1,1,11,1,69,1,73,24,0,22,0,0,1,0,145,143,645,yes,no,0
0e73fa407341470ec6ae58e3dccf82d5,1307,394,169,937,28,0,0,0,Yes,%PDF-1.2,936,936,340,340,2,2,2,0,0,0,0,0,1,0,0,0,0,0,0,0,0,0,0,0,0,0,0,0,0,0,0,169,0,2,1,169,2,40,1,192,0,0,6,0,1,1,0,1136,1126,2378,yes,no,0
0df597d92286fee1a3ab01e927a4ea91,135,346,4,255,49,0,0,0,Yes,%PDF-1.3,254,254,19,19,2,2,2,0,0,0,0,0,1,0,0,0,0,0,0,2,0,0,0,0,0,0,0,0,0,0,0,4,0,2,1,4,2,230,1,29,0,0,8,1,1,1,1,261,262,201,yes,no,0
21d68669493a79bfd96debfd3bd9fa8e,24,295,6,47,46,0,0,0,Yes,%PDF-1.2,46,46,14,14,2,2,2,0,0,0,0,0,0,0,0,0,0,0,0,0,0,0,0,0,0,0,0,0,0,0,0,6,0,2,1,6,2,15,1,21,0,0,6,0,1,1,0,44,46,40,yes,no,0
b1d71804bc553d90c50ffdb4004efccb,320,316,26,266,17,0,0,0,Yes,%PDF-1.2,265,265,55,55,2,2,2,0,0,1,0,1,0,0,0,0,3,0,0,0,0,0,0,0,0,0,0,0,0,0,0,26,0,2,1,26,2,79,1,39,2,0,2,2,1,1,0,320,282,1188,yes,no,0
a98ba827dfdf0cd3cae3e727acaf805a,51,300,14,56,17,0,0,0,Yes,%PDF-1.1,55,55,14,14,1,1,1,0,0,0,0,0,0,0,0,0,0,0,0,0,0,0,0,0,0,0,0,0,0,0,0,14,0,1,1,14,1,15,1,18,0,0,0,0,0,1,0,84,93,382,yes,no,0
a6a910428772c12c0c26ebe6e604d93c,29,313,5,45,26,0,0,0,Yes,%PDF-1.4,44,44,11,11,2,2,2,0,0,0,0,0,0,0,0,0,0,0,0,0,0,0,0,0,0,0,0,0,0,0,0,5,0,2,1,5,1,24,1,64,0,0,14,0,1,1,1,59,59,37,yes,no,0
95ddfa01054f20168b37eba88dab6fb0,69,315,16,95,25,0,0,0,Yes,%PDF-1.6,94,94,28,28,2,2,2,0,0,0,0,0,0,0,0,0,0,0,0,0,0,0,0,0,0,0,0,0,0,0,0,16,0,2,1,16,1,42,1,90,6,0,18,0,1,1,1,148,148,89,yes,no,0
8b691034ee2f263e6616f2a3db8278e3,193,279,8,42,53,0,0,0,Yes,%PDF-1.5,39,39,13,13,2,2,2,0,0,0,0,0,0,2,0,0,0,0,0,0,0,0,0,0,0,0,0,0,0,0,0,8,0,2,0,8,2,18,2,19,6,0,0,0,2,2,2,62,62,39,yes,no,0
ee4e0e0002b222db6c7cea27fdd06b23,277,282,4,1521,23,0,0,0,Yes,%PDF-1.3,700,700,22,22,1,1,1,0,0,0,0,0,0,0,0,0,0,0,0,0,0,0,0,0,0,0,0,0,0,0,0,4,0,1,1,4,1,1049,1,53,0,0,14,0,1,1,1,706,705,349,yes,no,0
